{"cameraMode":{"drawMode":0,"name":"Shaded","section":"Shading Mode"},"sceneLighting":true,"audioPlay":false,"sceneViewState":{"showFog":false,"showMaterialUpdate":false,"showSkybox":true,"showFlares":false,"showImageEffects":false,"showParticleSystems":false},"in2DMode":false,"pivot":{"x":1.7870445251464844,"y":-0.7830009460449219,"z":4.252523422241211},"rotation":{"x":0.44129830598831179,"y":0.18750739097595216,"z":-0.09532078355550766,"w":0.8726083040237427},"size":10.653007507324219,"orthographic":false}