{"cameraMode":{"drawMode":0,"name":"Shaded","section":"Shading Mode"},"sceneLighting":true,"audioPlay":false,"sceneViewState":{"showFog":false,"showMaterialUpdate":false,"showSkybox":true,"showFlares":false,"showImageEffects":false,"showParticleSystems":false},"in2DMode":false,"pivot":{"x":0.546393871307373,"y":1.0104303359985352,"z":0.5465502738952637},"rotation":{"x":0.3553408980369568,"y":0.021269386634230615,"z":-0.008409892208874226,"w":0.9346732497215271},"size":11.846294403076172,"orthographic":false}