{"cameraMode":{"drawMode":0,"name":"Shaded","section":"Shading Mode"},"sceneLighting":true,"audioPlay":false,"sceneViewState":{"showFog":false,"showMaterialUpdate":false,"showSkybox":true,"showFlares":false,"showImageEffects":false,"showParticleSystems":false},"in2DMode":false,"pivot":{"x":-2.6361682415008547,"y":-16.227359771728517,"z":46.74531555175781},"rotation":{"x":0.6253191232681274,"y":0.003548112465068698,"z":-0.008406732231378556,"w":0.7807948589324951},"size":62.78779220581055,"orthographic":false}