{"cameraMode":{"drawMode":0,"name":"Shaded","section":"Shading Mode"},"sceneLighting":true,"audioPlay":false,"sceneViewState":{"showFog":false,"showMaterialUpdate":false,"showSkybox":true,"showFlares":false,"showImageEffects":false,"showParticleSystems":false},"in2DMode":false,"pivot":{"x":0.09725578129291535,"y":0.06771707534790039,"z":0.0864863246679306},"rotation":{"x":0.4169099032878876,"y":0.054766640067100528,"z":-0.02535375952720642,"w":0.9071386456489563},"size":4.146816730499268,"orthographic":false}