{"cameraMode":{"drawMode":0,"name":"Shaded","section":"Shading Mode"},"sceneLighting":false,"audioPlay":false,"sceneViewState":{"showFog":false,"showMaterialUpdate":false,"showSkybox":false,"showFlares":false,"showImageEffects":false,"showParticleSystems":false},"in2DMode":false,"pivot":{"x":-0.0013722777366638184,"y":-0.11699998378753662,"z":0.07828643918037415},"rotation":{"x":0.6285260319709778,"y":0.2718695104122162,"z":-0.25022444128990176,"w":0.6847313046455383},"size":3.9393296241760256,"orthographic":false}