{"cameraMode":{"drawMode":0,"name":"Shaded","section":"Shading Mode"},"sceneLighting":true,"audioPlay":false,"sceneViewState":{"showFog":false,"showMaterialUpdate":false,"showSkybox":true,"showFlares":false,"showImageEffects":false,"showParticleSystems":false},"in2DMode":false,"pivot":{"x":2.5496773719787599,"y":-0.4674520492553711,"z":5.821018695831299},"rotation":{"x":-0.4236813485622406,"y":0.05494533106684685,"z":-0.025454359129071237,"w":-0.903883695602417},"size":6.5878071784973148,"orthographic":false}