{"cameraMode":{"drawMode":0,"name":"Shaded","section":"Shading Mode"},"sceneLighting":true,"audioPlay":false,"sceneViewState":{"showFog":false,"showMaterialUpdate":false,"showSkybox":true,"showFlares":false,"showImageEffects":false,"showParticleSystems":false},"in2DMode":false,"pivot":{"x":-5.799299716949463,"y":-70.50431823730469,"z":86.53669738769531},"rotation":{"x":0.4421204626560211,"y":0.0025684949941933157,"z":-0.006177488714456558,"w":0.8973501920700073},"size":75.7509536743164,"orthographic":false}