{"cameraMode":{"drawMode":0,"name":"Shaded","section":"Shading Mode"},"sceneLighting":false,"audioPlay":false,"sceneViewState":{"showFog":false,"showMaterialUpdate":false,"showSkybox":false,"showFlares":false,"showImageEffects":false,"showParticleSystems":false},"in2DMode":false,"pivot":{"x":-0.0013722777366638184,"y":-0.11699998378753662,"z":0.07828643918037415},"rotation":{"x":0.4952814280986786,"y":0.34581077098846438,"z":-0.2245073765516281,"w":0.7649402618408203},"size":1.3481534719467164,"orthographic":false}