{"cameraMode":{"drawMode":0,"name":"Shaded","section":"Shading Mode"},"sceneLighting":true,"audioPlay":false,"sceneViewState":{"showFog":false,"showMaterialUpdate":false,"showSkybox":true,"showFlares":false,"showImageEffects":false,"showParticleSystems":false},"in2DMode":false,"pivot":{"x":0.04773712158203125,"y":0.549870491027832,"z":1.8008003234863282},"rotation":{"x":0.4439755082130432,"y":0.2369166910648346,"z":-0.1234537661075592,"w":0.8555359244346619},"size":5.4281535148620609,"orthographic":false}