{"cameraMode":{"drawMode":0,"name":"Shaded","section":"Shading Mode"},"sceneLighting":true,"audioPlay":false,"sceneViewState":{"showFog":false,"showMaterialUpdate":false,"showSkybox":true,"showFlares":false,"showImageEffects":false,"showParticleSystems":false},"in2DMode":false,"pivot":{"x":0.546393871307373,"y":1.0104303359985352,"z":0.5465502738952637},"rotation":{"x":0.29997843503952029,"y":0.33004793524742129,"z":-0.11181329190731049,"w":0.8882471919059753},"size":5.0662431716918949,"orthographic":false}