{"cameraMode":{"drawMode":0,"name":"Shaded","section":"Shading Mode"},"sceneLighting":false,"audioPlay":false,"sceneViewState":{"showFog":false,"showMaterialUpdate":false,"showSkybox":false,"showFlares":false,"showImageEffects":false,"showParticleSystems":false},"in2DMode":false,"pivot":{"x":1.1920928955078126e-7,"y":1.1920928955078126e-7,"z":0.0},"rotation":{"x":0.4032484292984009,"y":0.2021276354789734,"z":-0.09202232956886292,"w":0.8880084753036499},"size":1.6015621423721314,"orthographic":false}